,index,organisation_name_2016,readiness_2016,capabilities_2016,enabling_infrastructure_2016,strategic_alignment_2016,leadership_2016,resourcing_2016,governance_2016,information_governance_2016,asset_resource_optimisation_2016,decision_support_2016,medicines_management_optimisation_2016,orders_results_management_2016,records_assessments_plans_2016,remote_assistive_care_2016,standards_2016,transfers_of_care_2016,organisation_name_2017,strategic_alignment_2017,leadership_2017,resourcing_2017,governance_2017,information_governance_2017,"records,_assessments_&_plans_2017",orders_&_results_management_2017,transfers_of_care_2017,medicines_optimisation_2017,decision_support_2017,remote_&_assistive_care_2017,asset_&_resource_optimisation_2017,business_&_clinical_intelligence_2017,standards_2017,enabling_infrastructure_2017,readiness_2017,capabilities_2017,readiness_delta,capabilities_delta,enabling_infrastructure_delta,strategic_alignment_delta,leadership_delta,resourcing_delta,governance_delta,information_governance_delta,asset_resource_optimisation_delta,decision_support_delta,medicines_management_optimisation_delta,orders_results_management_delta,records_assessments_plans_delta,remote_assistive_care_delta,standards_delta,transfers_of_care_delta,location,point
0,REM,Aintree University Hospital NHS Foundation Trust,86,59,98,90,100,80,80.0,79.0,60,43,66,88,59,17,48,87,Aintree University Hospital NHS Foundation Trust,95,97,80.0,83,78,55.0,82.0,76.0,68.0,39.0,10.0,60.0,72.0,48.0,94,87,57,1,-2,-4,5,-3,0.0,3.0,-1.0,0.0,-4.0,2.0,-6.0,-4.0,-7.0,0.0,-11.0,"Lower Ln, Liverpool L9 7AL, UK","(53.4656706, -2.9317603, 0.0)"
1,RCF,Airedale NHS Trust,93,62,77,100,95,90,90.0,92.0,60,73,49,61,60,67,54,75,Airedale NHS Foundation Trust,95,88,85.0,79,83,60.0,64.0,91.0,56.0,70.0,40.0,57.0,63.0,65.0,80,86,63,-7,1,3,-5,-7,-5.0,-11.0,-9.0,-3.0,-3.0,7.0,3.0,0.0,-27.0,11.0,16.0,,
2,RBS,Alder Hey Childrens NHS Foundation Trust,82,49,80,95,95,75,80.0,63.0,45,50,57,65,49,50,25,53,Alder Hey Childrens NHS Foundation Trust,100,94,90.0,96,81,57.0,92.0,84.0,55.0,60.0,38.0,36.0,73.0,71.0,81,92,63,10,14,1,5,-1,15.0,16.0,18.0,-9.0,10.0,-2.0,27.0,8.0,-12.0,46.0,31.0,"E Prescot Rd., Liverpool L14 5AB, UK","(53.4182239, -2.8960515, 0.0)"
3,RTK,Ashford and St Peters Hospitals NHS Foundation Trust,80,37,73,70,95,70,90.0,75.0,60,33,26,46,24,33,17,53,Ashford and St Peters Hospitals NHS Foundation Trust,100,97,90.0,92,93,55.0,57.0,75.0,27.0,52.0,25.0,70.0,80.0,54.0,83,94,55,14,18,10,30,2,20.0,2.0,18.0,10.0,19.0,1.0,11.0,31.0,-8.0,37.0,22.0,"Guildford St, Lyne, Chertsey KT16 0PZ, UK","(51.37692269999999, -0.5287442, 0.0)"
4,RF4,"Barking, Havering and Redbridge Hospitals NHS Trust",53,24,41,70,65,20,45.0,67.0,35,22,17,35,0,17,20,43,"Barking, Havering and Redbridge University Hospitals NHS Trust",65,56,30.0,63,61,32.0,51.0,50.0,17.0,23.0,10.0,40.0,100.0,42.0,89,55,41,2,17,48,-5,-9,10.0,18.0,-6.0,5.0,1.0,0.0,16.0,32.0,-7.0,22.0,7.0,"Queen's Hospital, Rom Valley Way, Romford RM7 0AG, UK","(51.5679484, 0.180049, 0.0)"
5,RFF,Barnsley Hospital NHS Foundation Trust,82,27,70,85,95,90,50.0,88.0,35,13,9,59,12,8,29,49,Barnsley Hospital NHS Foundation Trust,90,88,75.0,67,83,26.0,72.0,57.0,0.0,13.0,30.0,50.0,84.0,54.0,66,81,43,-1,16,-4,5,-7,-15.0,17.0,-5.0,15.0,0.0,-9.0,13.0,14.0,22.0,25.0,8.0,"Gawber Rd, Barnsley S75 2EP, UK","(53.5582693, -1.4995888, 0.0)"
6,R1H,Barts Health NHS Trust,50,36,20,44,80,25,40.0,63.0,35,39,9,72,44,8,25,57,Barts Health NHS Trust,63,72,25.0,58,71,53.0,76.0,62.0,15.0,43.0,10.0,43.0,55.0,43.0,42,58,44,8,8,22,19,-8,0.0,18.0,8.0,8.0,4.0,6.0,4.0,9.0,2.0,18.0,5.0,"The Royal Hospital, Whitechapel Rd, Whitechapel, London E1 1BB, UK","(51.5178708, -0.0588687, 0.0)"
7,RDD,Basildon and Thurrock University Hospitals NHS Foundation Trust,71,48,77,75,65,65,80.0,71.0,50,48,32,47,45,33,69,62,Basildon and Thurrock University Hospitals NHS Foundation Trust,90,94,80.0,83,91,53.0,93.0,73.0,52.0,59.0,60.0,95.0,89.0,73.0,92,88,72,17,24,15,15,29,15.0,3.0,20.0,45.0,11.0,20.0,46.0,8.0,27.0,4.0,11.0,"Nether Mayne, Basildon SS16 5NL, UK","(51.5582929, 0.4514304, 0.0)"
8,RC1,Bedford Hospitals NHS Trust,76,40,45,85,80,55,70.0,88.0,60,31,65,42,30,33,28,34,Bedford Hospital NHS Trust,100,100,90.0,88,91,50.0,53.0,42.0,71.0,39.0,20.0,75.0,73.0,49.0,60,94,52,18,12,15,15,20,35.0,18.0,3.0,15.0,8.0,6.0,11.0,20.0,-13.0,21.0,8.0,"South Wing, Kempston Rd, Bedford MK42 9DJ, UK","(52.1286223, -0.4712114, 0.0)"
9,RLU,Birmingham Womens NHS Foundation Trust,65,28,89,60,65,65,65.0,71.0,40,39,0,32,36,25,33,19,Birmingham Women's and Children's NHS Foundation Trust,85,84,80.0,79,71,38.0,67.0,76.0,54.0,48.0,42.0,50.0,80.0,54.0,80,80,57,15,29,-9,25,19,15.0,14.0,0.0,10.0,9.0,54.0,35.0,2.0,17.0,21.0,57.0,,
10,RXL,Blackpool Teaching Hospitals NHS Foundation Trust,84,34,70,90,70,80,85.0,96.0,30,6,11,77,43,25,50,29,Blackpool Teaching Hospitals NHS Foundation Trust,95,75,85.0,92,97,64.0,82.0,65.0,22.0,27.0,50.0,57.0,86.0,63.0,77,89,57,5,23,7,5,5,5.0,7.0,1.0,27.0,21.0,11.0,5.0,21.0,25.0,13.0,36.0,"Whinney Heys Rd, Blackpool FY3 8NR, UK","(53.820588, -3.0137516, 0.0)"
11,RMC,Bolton NHS Foundation Trust,79,33,39,63,100,45,90.0,96.0,50,3,22,57,16,33,15,69,Bolton NHS Foundation Trust,90,97,90.0,79,92,8.0,48.0,77.0,10.0,27.0,5.0,39.0,73.0,20.0,69,90,34,11,1,30,27,-3,45.0,-11.0,-4.0,-11.0,24.0,-12.0,-9.0,-8.0,-28.0,5.0,8.0,"Minerva Road, Farnworth, Bolton BL4 0JR, UK","(53.553957, -2.4293938, 0.0)"
12,RAE,Bradford Teaching Hospitals NHS Foundation Trust,85,32,77,100,100,70,85.0,71.0,50,23,10,31,32,17,42,53,Bradford Teaching Hospitals NHS Foundation Trust,100,100,100.0,100,95,67.0,87.0,57.0,95.0,93.0,45.0,70.0,89.0,92.0,93,99,77,14,45,16,0,0,30.0,15.0,24.0,20.0,70.0,85.0,56.0,35.0,28.0,50.0,4.0,"Duckworth Ln, Bradford BD9 6RJ, UK","(53.8060988, -1.7956253, 0.0)"
13,RXH,Brighton and Sussex University Hospitals NHS Trust,61,44,80,50,80,50,60.0,63.0,55,25,19,51,23,67,46,67,Brighton and Sussex University Hospitals NHS Trust,38,28,50.0,50,65,35.0,48.0,68.0,17.0,27.0,45.0,45.0,61.0,54.0,78,46,44,-15,0,-2,-12,-52,0.0,-10.0,2.0,-10.0,2.0,-2.0,-3.0,12.0,-22.0,8.0,1.0,"Kemptown, Brighton BN2 1ES, UK","(50.8185063, -0.1203727, 0.0)"
14,RXQ,Buckinghamshire Healthcare NHS Trust,84,31,61,80,100,70,80.0,92.0,40,6,24,44,23,50,33,30,Buckinghamshire Healthcare NHS Trust,31,59,55.0,46,58,38.0,52.0,58.0,22.0,9.0,40.0,29.0,73.0,54.0,42,50,42,-34,11,-19,-49,-41,-15.0,-34.0,-34.0,-11.0,3.0,-2.0,8.0,15.0,-10.0,21.0,28.0,"Whielden St, Amersham HP7 0JD, UK","(51.6629, -0.6214, 0.0)"
15,RJF,Burton Hospitals NHS Foundation Trust,74,45,43,69,90,65,75.0,71.0,30,55,75,69,43,8,52,30,Burton Hospitals NHS Foundation Trust,65,72,65.0,63,76,89.0,92.0,82.0,91.0,84.0,65.0,90.0,70.0,92.0,80,68,84,-6,39,37,-4,-18,0.0,-12.0,5.0,60.0,29.0,16.0,23.0,46.0,57.0,40.0,52.0,"Belvedere Rd, Burton-on-Trent DE13 0RB, UK","(52.8175281, -1.6561476, 0.0)"
16,RWY,Calderdale and Huddersfield NHS Foundation Trust,83,40,73,88,95,85,85.0,63.0,35,36,11,67,36,50,29,55,Calderdale and Huddersfield NHS Foundation Trust,100,100,95.0,100,76,76.0,82.0,81.0,84.0,57.0,40.0,57.0,66.0,75.0,93,94,69,11,29,20,12,5,10.0,15.0,13.0,22.0,21.0,73.0,15.0,40.0,-10.0,46.0,26.0,"Acre St, Lindley, Huddersfield HD3 3EA, UK","(53.65571629999999, -1.8189892, 0.0)"
17,RGT,Cambridge University Hospitals NHS Foundation Trust,82,84,82,75,100,70,75.0,88.0,95,88,94,100,69,50,79,96,Cambridge University Hospitals NHS Foundation Trust,100,100,100.0,100,97,80.0,100.0,95.0,94.0,98.0,85.0,100.0,95.0,83.0,97,99,92,17,8,15,25,0,30.0,25.0,9.0,5.0,10.0,0.0,0.0,11.0,35.0,4.0,-1.0,"Hills Rd, Cambridge CB2 0QQ, UK","(52.1751006, 0.1407275, 0.0)"
18,RW3,Central Manchester University Hospitals NHS Foundation Trust,98,59,80,100,100,95,100.0,96.0,60,72,40,92,58,42,46,59,Central Manchester University Hospitals NHS Foundation Trust,80,78,75.0,79,66,51.0,88.0,52.0,22.0,48.0,35.0,57.0,58.0,42.0,70,76,50,-22,-9,-10,-20,-22,-20.0,-21.0,-30.0,-3.0,-24.0,-18.0,-4.0,-7.0,-7.0,-4.0,-7.0,"Cobbett House, Manchester Royal Infirmary, Oxford Rd, Manchester M13 9WL, UK","(53.4607569, -2.2277393, 0.0)"
19,RQM,Chelsea and Westminster Hospital NHS Foundation Trust,86,67,84,90,90,80,80.0,92.0,65,47,79,89,58,58,75,62,Chelsea and Westminster Hospital NHS Foundation Trust,100,100,95.0,100,89,58.0,87.0,77.0,68.0,32.0,50.0,60.0,75.0,75.0,86,97,65,11,-2,2,10,10,15.0,20.0,-3.0,-5.0,-15.0,-11.0,-2.0,0.0,-8.0,0.0,15.0,"369 Fulham Rd, Chelsea, London SW10 9NH, UK","(51.4844841, -0.1818676, 0.0)"
20,RFS,Chesterfield Royal Hospital NHS Foundation Trust,60,44,52,75,50,55,50.0,71.0,45,28,66,69,29,25,38,49,Chesterfield Royal Hospital NHS Foundation Trust,90,88,60.0,50,78,43.0,69.0,63.0,65.0,36.0,35.0,50.0,80.0,54.0,78,73,55,13,11,26,15,38,5.0,0.0,7.0,5.0,8.0,-1.0,0.0,14.0,10.0,16.0,14.0,"Chesterfield Rd, Calow, Chesterfield S44 5BL, UK","(53.2364336, -1.3974218, 0.0)"
21,RLN,City Hospitals Sunderland NHS Foundation Trust,81,64,86,75,85,75,80.0,92.0,40,78,72,86,64,33,67,71,City Hospitals Sunderland NHS Foundation Trust,100,97,100.0,96,94,75.0,90.0,83.0,88.0,86.0,45.0,65.0,93.0,83.0,88,97,79,16,15,2,25,12,25.0,16.0,2.0,25.0,8.0,16.0,4.0,11.0,12.0,16.0,12.0,"Kayll Rd, Sunderland SR4 7TP, UK","(54.9028353, -1.4088562, 0.0)"
22,REN,Clatterbridge Cancer Centre NHS Foundation Trust,77,59,68,95,90,75,60.0,63.0,70,60,72,50,64,67,29,62,Clatterbridge Cancer Centre NHS Foundation Trust,100,91,85.0,75,72,80.0,82.0,59.0,72.0,68.0,65.0,75.0,80.0,63.0,82,85,72,8,13,14,5,1,10.0,15.0,9.0,5.0,8.0,0.0,32.0,16.0,-2.0,34.0,-3.0,"Clatterbridge Rd, Birkenhead, Wirral CH63 4JY, UK","(53.3318805, -3.0283774, 0.0)"
23,RDE,Colchester Hospital University NHS Foundation Trust,61,24,66,25,35,85,70.0,88.0,65,11,1,21,17,33,8,36,Colchester Hospital University NHS Foundation Trust,100,94,95.0,100,89,49.0,90.0,85.0,10.0,36.0,25.0,85.0,100.0,100.0,93,96,64,35,40,27,75,59,10.0,30.0,1.0,20.0,25.0,9.0,69.0,32.0,-8.0,92.0,49.0,"Turner Rd, Colchester CO4 5JL, UK","(51.9098567, 0.8988999000000001, 0.0)"
24,RJR,Countess Of Chester Hospital NHS Foundation Trust,57,51,75,65,55,45,55.0,67.0,25,44,50,84,64,50,42,47,Countess Of Chester Hospital NHS Foundation Trust,70,59,45.0,67,79,65.0,86.0,62.0,60.0,53.0,50.0,80.0,70.0,63.0,73,64,65,7,14,-2,5,4,0.0,12.0,12.0,55.0,9.0,10.0,2.0,1.0,0.0,21.0,15.0,"Liverpool Rd, Chester CH2 1UL, UK","(53.2082328, -2.8981136, 0.0)"
25,RXP,County Durham and Darlington NHS Foundation Trust,89,52,77,80,85,85,100.0,96.0,45,55,56,63,54,42,42,56,County Durham and Darlington NHS Foundation Trust,100,91,90.0,100,95,69.0,73.0,52.0,71.0,57.0,80.0,54.0,82.0,54.0,91,95,66,6,14,14,20,6,5.0,0.0,-1.0,9.0,2.0,15.0,10.0,15.0,38.0,12.0,-4.0,"Hollyhurst Rd, Darlington DL3 6HX, UK","(54.5317527, -1.5646761, 0.0)"
26,RJ6,Croydon Health Services NHS Trust,82,68,80,85,90,80,80.0,75.0,70,60,83,96,59,50,73,53,Croydon Health Services NHS Trust,80,75,75.0,71,96,58.0,99.0,53.0,81.0,66.0,25.0,64.0,55.0,92.0,60,79,66,-3,-2,-20,-5,-15,-5.0,-9.0,21.0,-6.0,6.0,-2.0,3.0,-1.0,-25.0,19.0,0.0,"12-18 Lennard Rd, Croydon CR9 2RS, UK","(51.3811409, -0.1034444, 0.0)"
27,RN7,Dartford and Gravesham NHS Trust,85,42,80,90,95,70,90.0,79.0,40,11,31,80,37,50,50,38,Dartford and Gravesham NHS Trust,100,97,70.0,96,79,48.0,89.0,73.0,36.0,39.0,60.0,65.0,89.0,80.0,88,88,64,3,22,8,10,2,0.0,6.0,0.0,25.0,28.0,5.0,9.0,11.0,10.0,30.0,35.0,"Darenth Wood Rd, Dartford DA2 8DA, UK","(51.4352521, 0.258883, 0.0)"
28,RTG,Derby Hospitals NHS Foundation Trust,78,68,82,85,80,75,70.0,79.0,75,70,83,77,65,42,63,72,Derby Teaching Hospitals NHS Foundation Trust,85,84,80.0,71,80,71.0,87.0,92.0,91.0,75.0,45.0,85.0,91.0,83.0,89,80,80,2,12,7,0,4,5.0,1.0,1.0,10.0,5.0,8.0,10.0,6.0,3.0,20.0,20.0,"Uttoxeter Rd, Derby DE22 3NE, UK","(52.9106394, -1.5139933, 0.0)"
29,RP5,Doncaster and Bassetlaw Hospitals NHS Foundation Trust,73,40,75,80,60,70,70.0,83.0,30,17,56,69,30,33,29,57,Doncaster and Bassetlaw Teaching Hospitals NHS Foundation Trust,85,66,75.0,79,88,29.0,76.0,38.0,64.0,27.0,25.0,36.0,68.0,67.0,64,79,48,6,8,-11,5,6,5.0,9.0,5.0,6.0,10.0,8.0,7.0,-1.0,-8.0,38.0,-19.0,"Armthorpe Rd, Doncaster DN2 5LT, UK","(53.53076249999999, -1.1096038, 0.0)"
30,RBD,Dorset County Hospitals NHS Foundation Trust,68,50,70,80,75,60,60.0,63.0,70,39,70,57,40,50,42,33,Dorset County Hospital NHS Foundation Trust,70,69,70.0,67,69,50.0,63.0,63.0,76.0,39.0,45.0,75.0,59.0,54.0,83,69,58,1,8,13,-10,-6,10.0,7.0,6.0,5.0,0.0,6.0,6.0,10.0,-5.0,12.0,30.0,"Williams Ave, Dorchester DT1 2JY, UK","(50.7126058, -2.4459986, 0.0)"
31,RWH,East and North Hertfordshire NHS Trust,73,34,52,85,80,60,75.0,67.0,40,28,19,38,22,58,36,34,East and North Hertfordshire NHS Trust,85,78,60.0,75,68,22.0,43.0,51.0,22.0,30.0,50.0,40.0,57.0,63.0,54,73,42,0,8,2,0,-2,0.0,0.0,1.0,0.0,2.0,3.0,5.0,0.0,-8.0,27.0,17.0,"Lister Hospital, Coreys Mill Lane, Stevenage SG1 4AB, UK","(51.92422029999999, -0.2118406, 0.0)"
32,RJN,East Cheshire NHS Trust,53,30,36,38,75,40,35.0,75.0,40,23,22,31,28,8,46,38,East Cheshire NHS Trust,75,81,65.0,75,90,55.0,31.0,52.0,21.0,32.0,10.0,50.0,48.0,71.0,47,77,41,24,11,11,37,6,25.0,40.0,15.0,10.0,9.0,-1.0,0.0,27.0,2.0,25.0,14.0,"Victoria Rd, Macclesfield SK10 3BL, UK","(53.263219, -2.139391, 0.0)"
33,RVV,East Kent Hospitals NHS Trust,73,38,84,80,80,65,85.0,54.0,35,44,1,87,46,17,17,59,East Kent Hospitals University NHS Foundation Trust,100,81,90.0,92,87,66.0,94.0,85.0,21.0,58.0,15.0,70.0,84.0,56.0,92,90,61,17,23,8,20,1,25.0,7.0,33.0,35.0,14.0,20.0,7.0,20.0,-2.0,39.0,26.0,"Ethelbert Rd, Canterbury CT1 3NG, UK","(51.2662051, 1.0866394, 0.0)"
34,RXR,East Lancashire Hospitals NHS Trust,77,38,61,75,85,75,80.0,71.0,40,17,40,58,24,17,49,56,East Lancashire Hospitals NHS Trust,100,94,95.0,92,87,55.0,88.0,90.0,53.0,50.0,45.0,75.0,89.0,71.0,85,94,68,17,30,24,25,9,20.0,12.0,16.0,35.0,33.0,13.0,30.0,31.0,28.0,22.0,34.0,"Casterton Ave, Burnley BB10 2PQ, UK","(53.809828, -2.228172, 0.0)"
35,RXC,East Sussex Healthcare NHS Trust,69,33,66,80,75,55,80.0,54.0,30,23,15,60,44,25,23,44,East Sussex Healthcare NHS Trust,85,81,60.0,83,62,47.0,46.0,53.0,16.0,23.0,15.0,36.0,70.0,31.0,60,74,37,5,4,-6,5,6,5.0,3.0,8.0,6.0,0.0,1.0,-14.0,3.0,-10.0,8.0,9.0,"St Annes House, 729 The Ridge, Hastings, Saint Leonards-on-sea TN37 7PT, UK","(50.88499119999999, 0.5681560999999999, 0.0)"
36,RVR,Epsom and St Helier University Hospitals NHS Trust,51,45,68,38,45,55,60.0,58.0,35,25,30,68,37,58,52,51,Epsom and St Helier University Hospitals NHS Trust,65,53,55.0,58,70,38.0,70.0,22.0,40.0,35.0,60.0,55.0,75.0,56.0,65,60,50,9,5,-3,27,8,0.0,-2.0,12.0,20.0,10.0,10.0,2.0,1.0,2.0,4.0,-29.0,"Dorking Rd, Epsom KT18 7EG, UK","(51.3253456, -0.2728097, 0.0)"
37,RDU,Frimley Health NHS Foundation Trust,77,42,84,80,85,70,90.0,58.0,80,33,3,84,27,17,58,36,Frimley Health NHS Foundation Trust,80,88,95.0,88,67,45.0,85.0,49.0,5.0,32.0,15.0,61.0,70.0,54.0,76,84,46,7,4,-8,0,3,25.0,-2.0,9.0,-19.0,-1.0,2.0,1.0,18.0,-2.0,-4.0,13.0,"Portsmouth Rd, Frimley, Camberley GU16 7UJ, UK","(51.3189753, -0.7408513, 0.0)"
38,RR7,Gateshead Health NHS Foundation Trust,84,38,66,90,95,75,90.0,71.0,40,36,0,72,36,17,54,47,Gateshead Health NHS Foundation Trust,90,91,90.0,92,91,47.0,75.0,70.0,56.0,52.0,17.0,61.0,75.0,46.0,71,91,55,7,17,5,0,-4,15.0,2.0,20.0,21.0,16.0,56.0,3.0,11.0,0.0,-8.0,23.0,"Fontwell Dr, Gateshead NE8 4YL, UK","(54.9447057, -1.6155638, 0.0)"
39,RLT,George Eliot Hospital NHS Trust,62,33,66,63,60,45,80.0,63.0,40,19,14,36,46,25,37,49,George Eliot Hospital NHS Trust,90,94,100.0,100,63,62.0,57.0,73.0,13.0,34.0,50.0,65.0,91.0,58.0,93,89,56,27,23,27,27,34,55.0,20.0,0.0,25.0,15.0,-1.0,21.0,16.0,25.0,21.0,24.0,"The George Eliot Hospital N H S Trust, College St, Nuneaton CV10 7DJ, UK","(52.5120604, -1.4752279, 0.0)"
40,RTE,Gloucestershire Hospitals NHS Foundation Trust,80,27,66,80,80,65,90.0,83.0,35,11,8,56,12,17,23,51,Gloucestershire Hospitals NHS Foundation Trust,75,66,60.0,75,80,29.0,58.0,46.0,12.0,11.0,25.0,35.0,59.0,56.0,72,71,37,-9,10,6,-5,-14,-5.0,-15.0,-3.0,0.0,0.0,4.0,2.0,17.0,8.0,33.0,-5.0,"Alexandra House, Cheltenham General Hospital, Sandford Rd, Cheltenham GL53 7AN, UK","(51.8920872, -2.0721422, 0.0)"
41,RP4,Great Ormond Street Hospital For Children NHS Foundation Trust,49,26,52,31,70,15,60.0,67.0,55,17,51,31,19,17,6,12,Great Ormond Street Hospital For Children NHS Foundation Trust,100,100,75.0,92,96,19.0,27.0,12.0,57.0,16.0,75.0,85.0,55.0,14.0,92,93,40,44,14,40,69,30,60.0,32.0,29.0,30.0,-1.0,6.0,-4.0,0.0,58.0,8.0,0.0,"Great Ormond Street, Holborn, London WC1N 3JH, UK","(51.5218626, -0.1207462, 0.0)"
42,RN3,Great Western Hospitals NHS Foundation Trust,80,43,61,85,95,65,85.0,71.0,45,33,62,47,38,33,31,57,Great Western Hospitals NHS Foundation Trust,95,88,70.0,88,80,38.0,54.0,52.0,64.0,39.0,45.0,65.0,86.0,47.0,70,84,54,4,11,9,10,-7,5.0,3.0,9.0,20.0,6.0,2.0,7.0,0.0,12.0,16.0,-5.0,"Marlborough Rd, Swindon SN3 6BB, UK","(51.5384082, -1.7274933, 0.0)"
43,RJ1,Guys and St Thomas NHS Foundation Trust,89,71,86,95,95,85,90.0,79.0,60,53,79,89,69,67,58,89,Guys and St Thomas NHS Foundation Trust,80,84,65.0,83,57,64.0,73.0,34.0,71.0,36.0,50.0,18.0,64.0,29.0,64,74,49,-15,-22,-22,-15,-11,-20.0,-7.0,-22.0,-42.0,-17.0,-8.0,-16.0,-5.0,-17.0,-29.0,-55.0,"20 St Thomas St, London SE1 9RS, UK","(51.5046788, -0.08852929999999999, 0.0)"
44,RN5,Hampshire Hospitals NHS Foundation Trust,72,44,80,81,85,35,80.0,79.0,30,30,63,69,52,0,35,70,Hampshire Hospitals NHS Foundation Trust,75,78,45.0,75,46,50.0,74.0,55.0,61.0,27.0,0.0,30.0,66.0,38.0,62,64,45,-8,1,-18,-6,-7,10.0,-5.0,-33.0,0.0,-3.0,-2.0,5.0,-2.0,0.0,3.0,-15.0,"Sherborne, Aldermaston Rd, Basingstoke RG24 9NA, UK","(51.2815331, -1.1109303, 0.0)"
45,RCD,Harrogate and District NHS Foundation Trust,78,37,45,80,65,70,95.0,79.0,40,31,64,60,19,8,42,34,Harrogate and District NHS Foundation Trust,100,100,95.0,96,89,41.0,65.0,42.0,62.0,34.0,13.0,54.0,59.0,42.0,60,96,46,18,9,15,20,35,25.0,1.0,10.0,14.0,3.0,-2.0,5.0,22.0,5.0,0.0,8.0,"Lancaster Park Rd, Harrogate HG2 7SX, UK","(53.9937105, -1.5175624, 0.0)"
46,RR1,Heart Of England NHS Foundation Trust,61,48,50,65,55,55,60.0,71.0,50,33,61,77,40,25,46,52,Heart Of England NHS Foundation Trust,75,84,75.0,67,40,48.0,74.0,49.0,52.0,36.0,35.0,54.0,79.0,46.0,57,68,53,7,5,7,10,29,20.0,7.0,-31.0,4.0,3.0,-9.0,-3.0,8.0,10.0,0.0,-3.0,"45 Bordesley Green E, Birmingham B9 5ST, UK","(52.4778605, -1.8275255, 0.0)"
47,RQX,Homerton University Hospital NHS Foundation Trust,77,61,66,80,85,75,75.0,71.0,70,73,82,75,50,8,71,56,Homerton University Hospital NHS Foundation Trust,100,97,85.0,79,80,,87.0,75.0,83.0,75.0,25.0,71.0,72.0,85.0,74,88,72,11,11,8,20,12,10.0,4.0,9.0,1.0,2.0,1.0,12.0,,17.0,14.0,19.0,"Homerton Row, Clapton, London E9 6SR, UK","(51.5504182, -0.0461232, 0.0)"
48,RWA,Hull and East Yorkshire Hospitals NHS Trust,81,36,57,85,85,80,90.0,67.0,30,14,29,52,27,25,46,61,Hull and East Yorkshire Hospitals NHS Trust,100,94,90.0,92,87,58.0,81.0,83.0,27.0,61.0,25.0,65.0,91.0,71.0,70,93,62,12,26,13,15,9,10.0,2.0,20.0,35.0,47.0,-2.0,29.0,31.0,0.0,25.0,22.0,"Anlaby Rd, Hull HU3 2JZ, UK","(53.74422029999999, -0.3582799, 0.0)"
49,RYJ,Imperial College Healthcare NHS Trust,98,57,80,100,100,100,100.0,92.0,45,47,70,75,58,25,69,69,Imperial College Healthcare NHS Trust,100,100,100.0,100,86,69.0,78.0,78.0,79.0,52.0,45.0,43.0,90.0,83.0,78,97,69,-1,12,-2,0,0,0.0,0.0,-6.0,-2.0,5.0,9.0,3.0,11.0,20.0,14.0,9.0,"The Bays, S Wharf Rd, Paddington, London W2 1NY, UK","(51.5178108, -0.1743487, 0.0)"
50,RGQ,Ipswich Hospital NHS Trust,94,43,80,90,100,95,100.0,83.0,55,8,8,64,56,33,58,64,Ipswich Hospital NHS Trust,100,97,100.0,100,97,55.0,79.0,70.0,42.0,11.0,25.0,60.0,68.0,79.0,89,99,54,5,11,9,10,-3,5.0,0.0,14.0,5.0,3.0,34.0,15.0,-1.0,-8.0,21.0,6.0,"Heath Rd, Ipswich IP4 5PD, UK","(52.0579075, 1.1981153, 0.0)"
51,R1F,Isle Of Wight NHS Trust,48,45,48,65,35,35,45.0,58.0,50,46,50,28,46,75,16,46,Isle Of Wight NHS Trust,70,38,45.0,50,74,55.0,53.0,62.0,71.0,43.0,60.0,34.0,64.0,49.0,54,55,55,7,10,6,5,3,10.0,5.0,16.0,-16.0,-3.0,21.0,25.0,9.0,-15.0,33.0,16.0,"St. Mary's Hospital, Parkhurst Rd, Newport PO30 5TG, UK","(50.7099611, -1.2989023, 0.0)"
52,RGP,James Paget University Hospitals NHS Foundation Trust,57,20,36,69,25,60,65.0,67.0,30,6,2,38,20,25,17,22,James Paget University Hospitals NHS Foundation Trust,85,84,70.0,83,74,63.0,48.0,83.0,80.0,5.0,25.0,30.0,68.0,58.0,68,79,51,22,31,32,16,59,10.0,18.0,7.0,0.0,-1.0,78.0,10.0,43.0,0.0,41.0,61.0,"Lowestoft Road Gorleston-on-Sea, Great Yarmouth, Gorleston-on-Sea, Great Yarmouth NR31 6LA, UK","(52.5618322, 1.7178975, 0.0)"
53,RNQ,Kettering General Hospital NHS Foundation Trust,58,33,43,63,65,45,50.0,67.0,70,19,3,62,17,25,19,45,Kettering General Hospital NHS Foundation Trust,75,69,70.0,58,74,35.0,61.0,68.0,34.0,16.0,25.0,55.0,72.0,50.0,50,69,46,11,13,7,12,4,25.0,8.0,7.0,-15.0,-3.0,31.0,-1.0,18.0,0.0,31.0,23.0,"Rothwell Rd, Kettering NN16 8UZ, UK","(52.4018398, -0.7416706, 0.0)"
54,RJZ,Kings College Hospital NHS Foundation Trust,77,46,64,85,85,75,70.0,71.0,45,36,54,88,49,17,23,52,Kings College Hospital NHS Foundation Trust,85,88,75.0,79,66,49.0,84.0,58.0,57.0,36.0,25.0,45.0,52.0,23.0,64,79,48,2,2,0,0,3,0.0,9.0,-5.0,0.0,0.0,3.0,-4.0,0.0,8.0,0.0,6.0,"Denmark Hill, Herne Hill, London SE5 9RS, UK","(51.4680626, -0.0937708, 0.0)"
55,RAX,Kingston Hospital NHS Trust,74,59,66,75,80,65,80.0,71.0,45,64,71,75,45,25,91,58,Kingston Hospital NHS Foundation Trust,90,88,75.0,79,76,53.0,78.0,61.0,70.0,61.0,35.0,60.0,86.0,90.0,71,82,66,8,7,5,15,8,10.0,-1.0,5.0,15.0,-3.0,-1.0,3.0,8.0,10.0,-1.0,3.0,"Galsworthy Rd, Kingston upon Thames KT2 7QB, UK","(51.4150364, -0.2820917, 0.0)"
56,RXN,Lancashire Teaching Hospitals NHS Foundation Trust,83,38,70,90,100,75,85.0,63.0,65,19,29,62,36,25,25,44,Lancashire Teaching Hospitals NHS Foundation Trust,100,97,90.0,96,80,50.0,83.0,63.0,73.0,61.0,85.0,85.0,93.0,48.0,87,93,71,10,33,17,10,-3,15.0,11.0,17.0,20.0,42.0,44.0,21.0,14.0,60.0,23.0,19.0,"Sharoe Green Ln, Fulwood, Preston PR2 9HT, UK","(53.7903928, -2.7069534, 0.0)"
57,RR8,Leeds Teaching Hospitals NHS Trust,87,53,39,90,90,75,90.0,92.0,75,70,31,68,53,25,50,55,Leeds Teaching Hospitals NHS Trust,90,72,80.0,83,84,71.0,68.0,68.0,48.0,59.0,40.0,40.0,50.0,68.0,37,82,57,-5,4,-2,0,-18,5.0,-7.0,-8.0,-35.0,-11.0,17.0,0.0,18.0,15.0,18.0,13.0,"Great George St, Leeds LS1 3EX, UK","(53.80254309999999, -1.5528919, 0.0)"
58,RJ2,Lewisham and Greenwich NHS Trust,71,40,57,75,70,75,75.0,58.0,40,11,24,58,35,33,45,76,Lewisham and Greenwich NHS Trust,95,69,75.0,75,75,49.0,88.0,78.0,26.0,33.0,58.0,55.0,70.0,88.0,78,78,61,7,21,21,20,-1,0.0,0.0,17.0,15.0,22.0,2.0,30.0,14.0,25.0,43.0,2.0,"Lewisham High St, London SE13 6LH, UK","(51.45306249999999, -0.0170139, 0.0)"
59,RBQ,Liverpool Heart and Chest Hospital NHS Trust,68,67,82,75,80,45,70.0,71.0,60,63,63,94,67,42,58,88,Liverpool Heart and Chest Hospital NHS Foundation Trust,95,97,90.0,96,92,72.0,94.0,75.0,78.0,73.0,75.0,95.0,73.0,66.0,88,94,78,26,11,6,20,17,45.0,26.0,21.0,35.0,10.0,15.0,0.0,5.0,33.0,8.0,-13.0,"Thomas Dr, Liverpool L14 3PE, UK","(53.41196799999999, -2.8995803, 0.0)"
60,REP,Liverpool Womens Hospital NHS Trust,99,62,100,100,100,100,100.0,96.0,65,44,69,71,68,33,75,74,Liverpool Womens NHS Foundation Trust,100,97,100.0,100,90,74.0,73.0,81.0,72.0,45.0,50.0,71.0,80.0,75.0,97,97,69,-2,7,-3,0,-3,0.0,0.0,-6.0,6.0,1.0,3.0,2.0,6.0,17.0,0.0,7.0,"Crown St, Liverpool L8 7SS, UK","(53.398919, -2.959683, 0.0)"
61,R1K,London North West Healthcare NHS Trust,76,47,48,85,75,70,80.0,71.0,60,39,23,80,39,25,54,57,London North West Healthcare NHS Trust,80,69,70.0,79,71,,,66.0,,,,,77.0,58.0,64,74,67,-2,20,16,-5,-6,0.0,-1.0,0.0,,,,,,,4.0,9.0,"Northwick Park Hospital, A404 Watford Rd, Harrow HA1 3UJ, UK","(51.57544230000001, -0.322738, 0.0)"
62,RC9,Luton and Dunstable University Hospital NHS Foundation Trust,98,62,89,100,100,100,100.0,88.0,65,65,91,88,61,25,29,73,Luton and Dunstable University Hospital NHS Foundation Trust,100,100,95.0,100,83,62.0,92.0,78.0,97.0,64.0,50.0,80.0,77.0,38.0,95,96,71,-2,9,6,0,0,-5.0,0.0,-5.0,15.0,-1.0,6.0,4.0,1.0,25.0,9.0,5.0,"The L&D Hospital, NHS Foundation Trust, Lewsey Rd, Luton LU4 0DZ, UK","(51.8947933, -0.4746371, 0.0)"
63,RWF,Maidstone and Tunbridge Wells NHS Trust,76,44,70,70,95,70,80.0,63.0,35,44,17,64,46,58,31,53,Maidstone and Tunbridge Wells NHS Trust,75,81,75.0,79,71,46.0,77.0,56.0,27.0,41.0,45.0,40.0,52.0,39.0,68,76,47,0,3,-2,5,-14,5.0,-1.0,8.0,5.0,-3.0,10.0,13.0,0.0,-13.0,8.0,3.0,"Tonbridge Rd, Royal Tunbridge Wells, Tunbridge Wells TN2 4QJ, UK","(51.1483335, 0.3069464, 0.0)"
64,RPA,Medway NHS Foundation Trust,79,22,57,85,85,70,100.0,54.0,15,3,10,40,0,42,15,47,Medway NHS Foundation Trust,90,91,95.0,100,82,59.0,96.0,77.0,18.0,75.0,45.0,70.0,59.0,64.0,85,92,63,13,41,28,5,6,25.0,0.0,28.0,55.0,72.0,8.0,56.0,59.0,3.0,49.0,30.0,"Windmill Road, Gillingham, Kent ME7 5NY, UK","(51.3796444, 0.5416722, 0.0)"
65,RBT,Mid Cheshire Hospitals NHS Foundation Trust,82,36,75,85,95,55,90.0,83.0,25,25,31,60,27,25,42,55,Mid Cheshire Hospitals NHS Foundation Trust,85,81,70.0,88,72,43.0,68.0,66.0,26.0,23.0,20.0,25.0,63.0,54.0,73,79,43,-3,7,-2,0,-14,15.0,-2.0,-11.0,0.0,-2.0,-5.0,8.0,16.0,-5.0,12.0,11.0,"Middlewich Rd, Crewe CW1 4QJ, UK","(53.1181539, -2.4760641, 0.0)"
66,RQ8,Mid Essex Hospital Services NHS Trust,65,40,61,70,70,55,75.0,54.0,30,31,50,53,28,33,50,47,Mid Essex Hospital Services NHS Trust,90,94,85.0,96,91,57.0,91.0,83.0,63.0,61.0,,,93.0,75.0,78,91,75,26,35,17,20,24,30.0,21.0,37.0,,30.0,13.0,38.0,29.0,,25.0,36.0,"Chelmsford & Essex Centre, New London Rd, Chelmsford CM2 0QH, UK","(51.7309244, 0.4710095, 0.0)"
67,RXF,Mid Yorkshire Hospitals NHS Trust,48,38,59,63,45,45,45.0,42.0,40,14,20,65,47,33,50,32,Mid Yorkshire Hospitals NHS Trust,63,38,40.0,50,69,49.0,71.0,46.0,17.0,28.0,13.0,50.0,75.0,55.0,65,52,45,4,7,6,0,-7,-5.0,5.0,27.0,10.0,14.0,-3.0,6.0,2.0,-20.0,5.0,14.0,"Aberford Rd, Wakefield WF1 4DG, UK","(53.6949443, -1.489292, 0.0)"
68,RD8,Milton Keynes General Hospital NHS Trust,80,39,64,70,90,80,85.0,75.0,40,8,9,56,50,42,29,81,Milton Keynes University Hospital NHS Foundation Trust,80,81,85.0,88,85,54.0,58.0,70.0,29.0,7.0,50.0,40.0,55.0,33.0,68,84,44,4,5,4,10,-9,5.0,3.0,10.0,0.0,-1.0,20.0,2.0,4.0,8.0,4.0,-11.0,"Standing Way, Eaglestone, Milton Keynes MK6 5LD, UK","(52.0269973, -0.7357762, 0.0)"
69,RP6,Moorfields Eye Hospital NHS Trust,60,28,64,56,85,45,65.0,50.0,6,4,20,53,30,17,55,35,Moorfields Eye Hospital NHS Foundation Trust,80,88,70.0,75,70,34.0,44.0,85.0,8.0,25.0,15.0,15.0,75.0,50.0,68,77,39,17,11,4,24,3,25.0,10.0,20.0,9.0,21.0,-12.0,-9.0,4.0,-2.0,-5.0,50.0,"Mile End Hospital, Bancroft Rd, Bethnal Green, London E1 4DG, UK","(51.524507, -0.042648, 0.0)"
70,RM1,Norfolk and Norwich University Hospitals NHS Foundation Trust,51,33,61,60,63,30,40.0,63.0,25,14,46,62,23,25,33,37,Norfolk and Norwich University Hospitals NHS Foundation Trust,55,75,,54,71,23.0,66.0,28.0,43.0,11.0,15.0,32.0,48.0,38.0,57,64,34,13,1,-4,-5,12,,14.0,8.0,7.0,-3.0,-3.0,4.0,0.0,-10.0,5.0,-9.0,"Colney Ln, Norwich NR4 7UY, UK","(52.6171847, 1.2202752, 0.0)"
71,RVJ,North Bristol NHS Trust,73,43,55,75,70,60,80.0,79.0,65,53,13,81,25,25,32,48,North Bristol NHS Trust,80,78,90.0,79,82,56.0,83.0,36.0,11.0,48.0,15.0,65.0,64.0,88.0,72,82,52,9,9,17,5,8,30.0,-1.0,3.0,0.0,-5.0,-2.0,2.0,31.0,-10.0,56.0,-12.0,"Southmead Rd, Bristol BS10 5NB, UK","(51.4982841, -2.5915971, 0.0)"
72,RNL,North Cumbria University Hospitals NHS Trust,64,22,52,60,65,40,75.0,79.0,30,14,5,33,19,25,31,16,North Cumbria University Hospitals NHS Trust,65,69,40.0,75,81,39.0,37.0,20.0,10.0,18.0,25.0,25.0,59.0,31.0,59,66,29,2,7,7,5,4,0.0,0.0,2.0,-5.0,4.0,5.0,4.0,20.0,0.0,0.0,4.0,"Newtown Rd, Carlisle CA2 7HY, UK","(54.8964115, -2.9573904, 0.0)"
73,RAP,North Middlesex University Hospital NHS Trust,57,46,59,60,65,35,,67.0,50,39,3,86,44,0,69,76,North Middlesex University Hospital NHS Trust,80,72,35.0,33,71,29.0,63.0,52.0,5.0,20.0,0.0,40.0,23.0,48.0,48,58,31,1,-15,-11,20,7,0.0,,4.0,-10.0,-19.0,2.0,-23.0,-15.0,0.0,-21.0,-24.0,"Sterling Way, London N18 1QX, UK","(51.6131219, -0.07434059999999999, 0.0)"
74,RVW,North Tees and Hartlepool NHS Foundation Trust,91,61,89,85,100,85,95.0,88.0,75,50,14,86,40,92,54,77,North Tees and Hartlepool NHS Foundation Trust,85,97,100.0,100,97,68.0,90.0,80.0,77.0,95.0,100.0,100.0,100.0,92.0,98,96,89,5,28,9,0,-3,15.0,5.0,9.0,25.0,45.0,63.0,4.0,28.0,8.0,38.0,3.0,"Hardwick Rd, Hardwick, Stockton-on-Tees TS19 8PE, UK","(54.58249679999999, -1.3472709, 0.0)"
75,RNS,Northampton General Hospital NHS Trust,67,56,82,75,63,60,70.0,67.0,50,47,63,89,48,42,40,67,Northampton General Hospital NHS Trust,85,68,70.0,67,76,49.0,88.0,80.0,63.0,52.0,35.0,55.0,52.0,56.0,78,73,59,6,3,-4,10,5,10.0,-3.0,9.0,5.0,5.0,0.0,-1.0,1.0,-7.0,16.0,13.0,"Cliftonville, Northampton NN1 5BD, UK","(52.23613659999999, -0.8842779, 0.0)"
76,RBZ,Northern Devon Healthcare NHS Trust,74,35,66,75,80,75,75.0,63.0,45,8,5,69,23,58,42,29,Northern Devon Healthcare NHS Trust,95,94,100.0,96,84,63.0,61.0,71.0,33.0,57.0,55.0,61.0,68.0,67.0,84,94,60,20,25,18,20,14,25.0,21.0,21.0,16.0,49.0,28.0,-8.0,40.0,-3.0,25.0,42.0,"Raleigh Heights, Barnstaple EX31 4JB, UK","(51.0924056, -4.0506281, 0.0)"
77,RJL,Northern Lincolnshire and Goole NHS Foundation Trust,90,64,82,100,85,95,90.0,79.0,80,88,44,95,60,33,38,72,Northern Lincolnshire and Goole NHS Foundation Trust,65,53,35.0,42,57,61.0,84.0,58.0,12.0,61.0,30.0,64.0,59.0,33.0,59,50,51,-40,-13,-23,-35,-32,-60.0,-48.0,-22.0,-16.0,-27.0,-32.0,-11.0,1.0,-3.0,-5.0,-14.0,"Scunthorpe General Hospital, Cliff Gardens, Scunthorpe DN15 7BH, UK","(53.587458, -0.6669379999999999, 0.0)"
78,RTF,Northumbria Healthcare NHS Foundation Trust,85,26,59,95,85,75,90.0,79.0,15,14,13,49,27,33,46,7,Northumbria Healthcare NHS Foundation Trust,85,75,65.0,75,87,45.0,53.0,23.0,37.0,35.0,38.0,36.0,68.0,50.0,62,77,43,-8,17,3,-10,-10,-10.0,-15.0,8.0,21.0,21.0,24.0,4.0,18.0,5.0,4.0,16.0,"Unit 7-8 Silver Fox Way Cobalt Business Park, Silver Fox Way, Newcastle upon Tyne NE27 0QJ, UK","(55.02077860000001, -1.5098367, 0.0)"
79,RX1,Nottingham University Hospitals NHS Trust,92,53,82,100,100,80,95.0,83.0,50,42,34,78,48,58,42,72,Nottingham University Hospitals NHS Trust,100,97,90.0,96,80,65.0,88.0,89.0,37.0,59.0,65.0,70.0,80.0,75.0,89,93,70,1,17,7,0,-3,10.0,1.0,-3.0,20.0,17.0,3.0,10.0,17.0,7.0,33.0,17.0,"Hucknall Rd, Nottingham NG5 1PB, UK","(52.9904528, -1.1570212, 0.0)"
80,RTH,Oxford University Hospitals NHS Trust,76,76,84,80,95,70,70.0,67.0,70,73,89,86,54,58,83,92,Oxford University Hospitals NHS Foundation Trust,85,91,90.0,75,83,64.0,88.0,92.0,96.0,75.0,60.0,75.0,70.0,96.0,87,85,80,9,4,3,5,-4,20.0,5.0,16.0,5.0,2.0,7.0,2.0,10.0,2.0,13.0,0.0,"Headley Way, Headington, Oxford OX3 9DU, UK","(51.764391, -1.2188774, 0.0)"
81,RGM,Papworth Hospital NHS Foundation Trust,70,30,61,75,85,55,70.0,67.0,45,19,11,57,28,33,21,22,Papworth Hospital NHS Foundation Trust,90,88,80.0,92,67,28.0,82.0,33.0,85.0,20.0,40.0,85.0,48.0,58.0,74,83,53,13,23,13,15,3,25.0,22.0,0.0,40.0,1.0,74.0,25.0,0.0,7.0,37.0,11.0,"Papworth Rd, Trumpington, Cambridge CB2 0AY, UK","(52.1730674, 0.1368829, 0.0)"
82,RW6,Pennine Acute Hospitals NHS Trust,95,59,77,90,95,95,100.0,96.0,45,31,75,98,59,0,67,100,Pennine Acute Hospitals NHS Trust,69,78,95.0,75,78,56.0,93.0,94.0,69.0,64.0,40.0,61.0,68.0,55.0,73,79,67,-16,8,-4,-21,-17,0.0,-25.0,-18.0,16.0,33.0,-6.0,-5.0,-3.0,40.0,-12.0,-6.0,"Delaunays Rd, Crumpsall, Manchester M8 5RB, UK","(53.5178824, -2.2294865, 0.0)"
83,RGN,Peterborough and Stamford Hospitals NHS Foundation Trust,83,44,75,75,95,85,85.0,75.0,70,42,28,70,39,25,29,48,North West Anglia NHS Foundation Trust,75,94,75.0,79,82,40.0,68.0,59.0,33.0,55.0,25.0,60.0,68.0,50.0,69,81,51,-2,7,-6,0,-1,-10.0,-6.0,7.0,-10.0,13.0,5.0,-2.0,1.0,0.0,21.0,11.0,,
84,RK9,Plymouth Hospitals NHS Trust,87,44,86,95,100,85,80.0,75.0,65,42,10,53,20,50,54,58,Plymouth Hospitals NHS Trust,100,100,100.0,100,96,43.0,72.0,51.0,70.0,46.0,55.0,86.0,95.0,83.0,97,99,67,12,23,11,5,0,15.0,20.0,21.0,21.0,4.0,60.0,19.0,23.0,5.0,29.0,-7.0,"Derriford Rd, Plymouth PL6 8DH, UK","(50.4166994, -4.116408, 0.0)"
85,RD3,Poole Hospitals NHS Trust,74,38,68,70,95,65,75.0,63.0,40,40,19,60,55,17,29,42,Poole Hospital NHS Foundation Trust,85,78,60.0,79,85,64.0,58.0,58.0,29.0,52.0,30.0,20.0,75.0,42.0,64,77,48,3,10,-4,15,-17,-5.0,4.0,22.0,-20.0,12.0,10.0,-2.0,9.0,13.0,13.0,16.0,"Longfleet Rd, Poole BH15 2JB, UK","(50.7213346, -1.9737732, 0.0)"
86,RHU,Portsmouth Hospitals NHS Trust,60,15,55,65,60,40,65.0,71.0,10,8,0,34,24,8,23,16,Portsmouth Hospitals NHS Trust,80,72,45.0,88,78,38.0,49.0,46.0,9.0,23.0,30.0,30.0,45.0,39.0,66,73,34,13,19,11,15,12,5.0,23.0,7.0,20.0,15.0,9.0,15.0,14.0,22.0,16.0,30.0,"Cosham, Portsmouth PO6 3LY, UK","(50.8497257, -1.0705618, 0.0)"
87,RHW,Royal Berkshire NHS Foundation Trust,60,37,48,60,80,45,65.0,50.0,45,33,17,66,26,25,44,42,Royal Berkshire NHS Foundation Trust,90,91,85.0,83,68,49.0,85.0,68.0,25.0,45.0,35.0,55.0,57.0,60.0,72,83,53,23,16,24,30,11,40.0,18.0,18.0,10.0,12.0,8.0,19.0,23.0,10.0,16.0,26.0,"London Rd, Reading RG1 5AN, UK","(51.4492924, -0.9581843999999999, 0.0)"
88,RT3,Royal Brompton and Harefield NHS Foundation Trust,85,35,52,95,95,80,75.0,79.0,10,3,52,61,34,92,17,11,Royal Brompton and Harefield NHS Foundation Trust,95,100,80.0,88,88,55.0,81.0,56.0,75.0,14.0,65.0,90.0,90.0,29.0,92,90,62,5,27,40,0,5,0.0,13.0,9.0,80.0,11.0,23.0,20.0,21.0,-27.0,12.0,45.0,"Britten St, Chelsea, London SW3 6NJ, UK","(51.488701, -0.1702566, 0.0)"
89,REF,Royal Cornwall Hospitals NHS Trust,57,38,73,50,70,50,55.0,58.0,40,3,76,64,13,33,38,34,Royal Cornwall Hospitals NHS Trust,100,94,90.0,92,79,68.0,94.0,97.0,91.0,70.0,70.0,70.0,93.0,75.0,98,91,81,34,43,25,50,24,40.0,37.0,21.0,30.0,67.0,15.0,30.0,55.0,37.0,37.0,63.0,"Treliske, Truro TR1 3LJ, UK","(50.2662301, -5.0922396, 0.0)"
90,RH8,Royal Devon and Exeter NHS Foundation Trust,79,40,70,70,100,50,85.0,88.0,75,42,17,49,14,33,50,38,Royal Devon and Exeter NHS Foundation Trust,75,84,75.0,83,83,17.0,44.0,42.0,17.0,32.0,15.0,57.0,58.0,50.0,73,80,37,1,-3,3,5,-16,25.0,-2.0,-5.0,-18.0,-10.0,0.0,-5.0,3.0,-18.0,0.0,4.0,"Exeter EX2 5DW, UK","(50.7165311, -3.5100737, 0.0)"
91,RAL,Royal Free London NHS Foundation Trust,88,45,80,85,100,80,90.0,83.0,35,22,27,79,39,33,71,51,Royal Free London NHS Foundation Trust,81,78,80.0,79,70,46.0,79.0,54.0,43.0,23.0,25.0,35.0,44.0,71.0,62,78,47,-10,2,-18,-4,-22,0.0,-11.0,-13.0,0.0,1.0,16.0,0.0,7.0,-8.0,0.0,3.0,"Pond St, Hampstead, London NW3 2QG, UK","(51.5521469, -0.1720675, 0.0)"
92,RQ6,Royal Liverpool and Broadgreen University Hospitals NHS Trust,86,66,89,95,100,85,85.0,67.0,60,67,74,93,51,33,67,84,Royal Liverpool and Broadgreen University Hospitals NHS Trust,100,94,100.0,92,89,79.0,96.0,95.0,94.0,81.0,50.0,90.0,82.0,71.0,90,95,82,9,16,1,5,-6,15.0,7.0,22.0,30.0,14.0,20.0,3.0,28.0,17.0,4.0,11.0,"Prescot St, Liverpool L7 8XP, UK","(53.4099629, -2.9647761, 0.0)"
93,RAN,Royal National Orthopaedic Hospital NHS Trust,70,24,98,75,70,55,80.0,71.0,0,17,2,88,21,0,38,23,Royal National Orthopaedic Hospital NHS Trust,100,97,60.0,88,79,40.0,97.0,24.0,5.0,30.0,25.0,45.0,97.0,38.0,97,85,45,15,21,-1,25,27,5.0,8.0,8.0,45.0,13.0,3.0,9.0,19.0,25.0,0.0,1.0,"Brockley Hill, Stanmore HA7 4LP, UK","(51.6314626, -0.3111258, 0.0)"
94,RA2,Royal Surrey County Hospital NHS Trust,36,25,43,38,40,25,45.0,33.0,25,22,8,29,19,17,35,46,Royal Surrey County Hospital NHS Foundation Trust,85,81,35.0,58,45,37.0,70.0,55.0,44.0,39.0,10.0,55.0,44.0,70.0,63,61,47,25,22,20,47,41,10.0,13.0,12.0,30.0,17.0,36.0,41.0,18.0,-7.0,35.0,9.0,"Egerton Rd, Guildford GU2 7XX, UK","(51.2411243, -0.6085178, 0.0)"
95,RD1,Royal United Hospital Bath NHS Trust,97,52,70,95,100,100,100.0,92.0,50,50,21,73,64,33,71,52,Royal United Hospitals Bath NHS Foundation Trust,95,97,100.0,100,86,66.0,87.0,73.0,88.0,61.0,45.0,63.0,92.0,100.0,78,96,75,-1,23,8,0,-3,0.0,0.0,-6.0,13.0,11.0,67.0,14.0,2.0,12.0,29.0,21.0,"Combe Park, Bath, Avon BA1 3NG, UK","(51.3918072, -2.3907418, 0.0)"
96,RM3,Salford Royal Hospitals NHS Trust,99,83,98,100,100,100,95.0,100.0,80,83,79,91,94,75,58,100,Salford Royal NHS Foundation Trust,100,97,100.0,100,99,97.0,97.0,94.0,81.0,93.0,90.0,89.0,91.0,63.0,98,99,88,0,5,0,0,-3,0.0,5.0,-1.0,9.0,10.0,2.0,6.0,3.0,15.0,5.0,-6.0,"Stott Ln, Salford M6 8HD, UK","(53.487482, -2.3238955, 0.0)"
97,RNZ,Salisbury NHS Foundation Trust,61,32,73,80,80,35,45.0,67.0,25,25,16,69,32,25,25,38,Salisbury NHS Foundation Trust,75,56,15.0,50,77,43.0,82.0,67.0,19.0,,20.0,36.0,,54.0,63,55,46,-6,14,-10,-5,-24,-20.0,5.0,10.0,11.0,,3.0,13.0,11.0,-5.0,29.0,29.0,"Odstock Rd, Salisbury SP2 8BJ, UK","(51.0452592, -1.7883697, 0.0)"
98,RXK,Sandwell and West Birmingham Hospitals NHS Trust,55,37,30,65,65,60,50.0,33.0,45,33,8,61,38,17,29,64,Sandwell and West Birmingham Hospitals NHS Trust,90,78,70.0,67,87,51.0,64.0,48.0,3.0,34.0,30.0,50.0,64.0,54.0,75,78,44,23,7,45,25,13,10.0,17.0,54.0,5.0,1.0,-5.0,3.0,13.0,13.0,25.0,-16.0,"Hallam St, West Bromwich B71 4HJ, UK","(52.5273566, -1.9878844, 0.0)"
99,RCU,Sheffield Childrens NHS Trust,55,23,39,65,70,40,35.0,63.0,0,13,25,41,21,8,63,15,Sheffield Childrens NHS Foundation Trust,80,88,80.0,79,78,35.0,44.0,24.0,28.0,13.0,17.0,29.0,,63.0,55,81,32,26,9,16,15,18,40.0,44.0,15.0,29.0,0.0,3.0,3.0,14.0,9.0,0.0,9.0,"Clarkson St, Broomhall, Sheffield S10 2TH, UK","(53.3804284, -1.4895067, 0.0)"
100,RHQ,Sheffield Teaching Hospitals NHS Foundation Trust,82,35,68,90,90,85,80.0,67.0,55,17,18,62,29,42,38,21,Sheffield Teaching Hospitals NHS Foundation Trust,95,91,80.0,75,70,61.0,80.0,70.0,44.0,36.0,45.0,61.0,70.0,67.0,73,82,59,0,24,5,5,1,-5.0,-5.0,3.0,6.0,19.0,26.0,18.0,32.0,3.0,29.0,49.0,"Royal Hallamshire Hospital, Glossop Rd, Broomhall, Sheffield S10 2JF, UK","(53.379171, -1.4923035, 0.0)"
101,RK5,Sherwood Forest Hospitals NHS Foundation Trust,67,45,64,69,40,55,70.0,100.0,40,50,11,74,31,33,54,67,Sherwood Forest Hospitals NHS Foundation Trust,95,75,80.0,83,89,46.0,88.0,70.0,15.0,57.0,50.0,70.0,73.0,75.0,83,84,60,17,15,19,26,35,25.0,13.0,-11.0,30.0,7.0,4.0,14.0,15.0,17.0,21.0,3.0,"Sutton Rd, Stockwell Gate, Nottingham, Mansfield NG18 5QE, UK","(53.1419209, -1.2067011, 0.0)"
102,RXW,Shrewsbury and Telford Hospital NHS Trust,60,33,52,69,75,50,55.0,50.0,50,19,3,51,42,25,38,32,Shrewsbury and Telford Hospital NHS Trust,69,63,55.0,58,68,42.0,56.0,48.0,3.0,25.0,25.0,50.0,68.0,42.0,67,63,40,3,7,15,0,-12,5.0,3.0,18.0,0.0,6.0,0.0,5.0,0.0,0.0,4.0,16.0,"Mytton Oak Rd, Shrewsbury SY3 8XQ, UK","(52.7089717, -2.7926946, 0.0)"
103,RTR,South Tees Hospitals NHS Trust,72,38,75,75,60,60,90.0,75.0,40,31,19,86,33,42,29,20,South Tees Hospitals NHS Foundation Trust,100,84,85.0,88,74,61.0,97.0,68.0,27.0,48.0,35.0,61.0,86.0,67.0,78,86,61,14,23,3,25,24,25.0,-2.0,-1.0,21.0,17.0,8.0,11.0,28.0,-7.0,38.0,48.0,"Northallerton DL6 1JG, UK","(54.342627, -1.430376, 0.0)"
104,RE9,South Tyneside Foundation NHS Trust,72,30,57,75,60,75,70.0,79.0,55,36,5,42,11,17,17,57,South Tyneside NHS Foundation Trust,95,81,75.0,71,84,45.0,76.0,44.0,12.0,36.0,35.0,46.0,80.0,29.0,72,81,45,9,15,15,20,21,0.0,1.0,5.0,-9.0,0.0,7.0,34.0,34.0,18.0,12.0,-13.0,"Harton Ln, South Shields NE34 0PL, UK","(54.9714091, -1.4277704, 0.0)"
105,RJC,South Warwickshire NHS Foundation Trust,89,27,82,85,100,80,100.0,79.0,30,11,36,36,19,8,33,41,South Warwickshire NHS Foundation Trust,85,84,80.0,96,78,33.0,56.0,,14.0,,,,34.0,56.0,71,85,39,-4,12,-11,0,-16,0.0,-4.0,-1.0,,,-22.0,20.0,14.0,,23.0,,"Lakin Rd, Warwick CV34 5BW, UK","(52.2886554, -1.5812981, 0.0)"
106,RAJ,Southend University Hospital NHS Foundation Trust,88,56,77,80,90,75,100.0,96.0,45,44,57,81,55,58,25,80,Southend University Hospital NHS Foundation Trust,90,91,75.0,100,91,67.0,94.0,72.0,75.0,43.0,65.0,55.0,59.0,30.0,88,89,62,1,6,11,10,1,0.0,0.0,-5.0,10.0,-1.0,18.0,13.0,12.0,7.0,5.0,-8.0,"Prittlewell Chase, Westcliff-on-Sea, Southend-on-Sea, Westcliff-on-Sea SS0 0RY, UK","(51.5538593, 0.6877327999999999, 0.0)"
107,RVY,Southport and Ormskirk Hospital NHS Trust,61,45,64,85,70,35,60.0,54.0,45,63,24,30,49,17,56,74,Southport and Ormskirk Hospital NHS Trust,80,59,35.0,58,66,49.0,30.0,74.0,23.0,70.0,13.0,50.0,,56.0,75,60,46,-1,1,11,-5,-11,0.0,-2.0,12.0,5.0,7.0,-1.0,0.0,0.0,-4.0,0.0,0.0,"Southport and Formby District General Hospital Town Lane, Kew, Southport PR8 6PN, UK","(53.6333043, -2.9792197, 0.0)"
108,RBN,St Helens and Knowsley Hospitals NHS Trust,70,26,64,56,100,55,60.0,79.0,15,3,7,70,31,25,25,34,St Helens and Knowsley Hospitals NHS Trust,100,97,100.0,100,93,61.0,88.0,83.0,56.0,89.0,19.0,65.0,89.0,63.0,89,98,68,28,42,25,44,-3,45.0,40.0,14.0,50.0,86.0,49.0,18.0,30.0,-6.0,38.0,49.0,"Warrington Rd, Prescot, Rainhill, Prescot L35 5DR, UK","(53.4212302, -2.7853229, 0.0)"
109,RWJ,Stockport NHS Foundation Trust,82,61,100,85,90,75,80.0,79.0,50,28,82,86,60,33,67,81,Stockport NHS Foundation Trust,90,84,85.0,92,87,63.0,86.0,81.0,76.0,45.0,40.0,55.0,64.0,67.0,97,88,64,6,3,-3,5,-6,10.0,12.0,8.0,5.0,17.0,-6.0,0.0,3.0,7.0,0.0,0.0,"Stockport SK2 7JE, UK","(53.3827676, -2.1317531, 0.0)"
110,RTP,Surrey and Sussex Healthcare NHS Trust,89,49,84,90,95,85,95.0,79.0,60,36,3,93,27,58,58,59,Surrey and Sussex Healthcare NHS Trust,95,94,90.0,96,97,47.0,93.0,70.0,8.0,45.0,60.0,60.0,89.0,67.0,84,94,60,5,11,0,5,-1,5.0,1.0,18.0,0.0,9.0,5.0,0.0,20.0,2.0,9.0,11.0,"3NQ, Balcombe Rd, Crawley RH10 3ZF, UK","(51.1356987, -0.1501175, 0.0)"
111,RMP,Tameside Hospital NHS Foundation Trust,72,55,64,75,85,70,65.0,67.0,45,58,24,90,53,33,50,87,Tameside Hospital NHS Foundation Trust,85,94,75.0,71,74,56.0,90.0,85.0,20.0,57.0,50.0,45.0,80.0,50.0,72,80,59,8,4,8,10,9,5.0,6.0,7.0,0.0,-1.0,-4.0,0.0,3.0,17.0,0.0,-2.0,"Fountain St, Ashton-under-Lyne OL6 9RW, UK","(53.49309950000001, -2.0715971, 0.0)"
112,RBA,Taunton and Somerset NHS Foundation Trust,71,36,73,70,85,75,60.0,67.0,45,11,11,67,28,17,48,62,Taunton and Somerset NHS Foundation Trust,100,97,95.0,96,90,43.0,81.0,61.0,16.0,23.0,45.0,60.0,59.0,58.0,81,96,50,25,14,8,30,12,20.0,36.0,23.0,15.0,12.0,5.0,14.0,15.0,28.0,10.0,-1.0,"Musgrove Park Hospital, Parkfield Dr, Taunton TA1 5DA, UK","(51.0119619, -3.1196494, 0.0)"
113,RBV,The Christie NHS Foundation Trust,62,29,45,65,75,60,45.0,67.0,10,25,31,52,40,25,29,16,Christie NHS Foundation Trust,100,100,100.0,83,85,67.0,86.0,87.0,76.0,89.0,85.0,90.0,100.0,67.0,81,94,83,32,54,36,35,25,40.0,38.0,18.0,80.0,64.0,45.0,34.0,27.0,60.0,38.0,71.0,"Wilmslow Rd, Manchester M20 4BX, UK","(53.4295649, -2.228165, 0.0)"
114,RNA,The Dudley Group NHS Foundation Trust,86,36,73,80,100,90,95.0,67.0,40,22,9,47,29,25,52,63,Dudley Group NHS Foundation Trust,90,97,100.0,100,88,33.0,58.0,68.0,16.0,23.0,30.0,45.0,32.0,52.0,79,95,40,9,4,6,10,-3,10.0,5.0,21.0,5.0,1.0,7.0,11.0,4.0,5.0,0.0,5.0,"Dudley DY1 2HQ, UK","(52.5023154, -2.1186984, 0.0)"
115,RAS,The Hillingdon Hospitals NHS Foundation Trust,89,37,93,90,95,85,90.0,83.0,50,23,17,64,28,17,58,42,Hillingdon Hospitals NHS Foundation Trust,90,91,85.0,88,84,27.0,70.0,53.0,18.0,20.0,35.0,50.0,75.0,58.0,92,88,45,-1,8,-1,0,-4,0.0,-2.0,1.0,0.0,-3.0,1.0,6.0,-1.0,18.0,0.0,11.0,"Pield Heath Rd, Uxbridge UB8 3NN, UK","(51.5252078, -0.4612385, 0.0)"
116,RTD,The Newcastle Upon Tyne Hospitals NHS Foundation Trust,94,65,93,85,100,90,95.0,100.0,45,42,85,77,49,75,75,68,Newcastle Upon Tyne Hospitals NHS Foundation Trust,95,88,100.0,96,98,60.0,79.0,76.0,83.0,45.0,65.0,43.0,20.0,75.0,86,95,61,1,-4,-7,10,-12,10.0,1.0,-2.0,-2.0,3.0,-2.0,2.0,11.0,-10.0,0.0,8.0,"Freeman Rd, High Heaton, Newcastle upon Tyne NE7 7DN, UK","(55.0025582, -1.5932643, 0.0)"
117,RQW,The Princess Alexandra Hospital NHS Trust,76,31,66,81,90,65,70.0,75.0,25,42,15,46,13,8,44,56,Princess Alexandra Hospital NHS Trust,90,78,85.0,71,82,42.0,83.0,84.0,32.0,57.0,40.0,30.0,91.0,64.0,80,81,58,5,27,14,9,-12,20.0,1.0,7.0,5.0,15.0,17.0,37.0,29.0,32.0,20.0,28.0,"Hamstel Rd, Harlow CM20 1QX, UK","(51.77104989999999, 0.0858092, 0.0)"
118,RCX,The Queen Elizabeth Hospital Kings Lynn NHS Foundation Trust,35,14,32,44,20,35,45.0,33.0,15,6,16,27,13,17,21,0,Queen Elizabeth Hospital Kings Lynn NHS Foundation Trust,55,50,30.0,50,63,24.0,35.0,27.0,16.0,5.0,13.0,25.0,61.0,22.0,60,50,25,15,11,28,11,30,-5.0,5.0,30.0,10.0,-1.0,0.0,8.0,11.0,-4.0,1.0,27.0,"Gayton Rd, King's Lynn PE30 4ET, UK","(52.7566152, 0.446967, 0.0)"
119,RPC,The Queen Victoria Hospital NHS Foundation Trust,51,23,43,70,25,60,50.0,,55,0,6,25,14,50,0,33,Queen Victoria Hospital NHS Foundation Trust,80,63,85.0,58,84,27.0,25.0,56.0,5.0,0.0,35.0,40.0,59.0,29.0,61,74,31,23,8,18,10,38,25.0,8.0,,-15.0,0.0,-1.0,0.0,13.0,-15.0,29.0,23.0,"Holtye Rd, East Grinstead RH19 3DZ, UK","(51.1353453, -0.0018081, 0.0)"
120,RL1,The Robert Jones & Agnes Hunt Orthopaedic Hospital NHS Foundation Trust,60,33,73,50,50,40,70.0,88.0,15,36,10,38,38,63,29,31,Robert Jones and Agnes Hunt Orthopaedic Hospital NHS Foundation Trust,70,66,70.0,67,82,39.0,53.0,33.0,13.0,33.0,63.0,30.0,55.0,46.0,75,71,41,11,8,2,20,16,30.0,-3.0,-6.0,15.0,-3.0,3.0,15.0,1.0,0.0,17.0,2.0,"Gobowen, Oswestry SY10 7AG, UK","(52.88446709999999, -3.0335905, 0.0)"
121,RFR,The Rotherham NHS Foundation Trust,79,42,57,81,85,85,70.0,75.0,10,48,14,79,41,33,50,58,Rotherham NHS Foundation Trust,80,81,85.0,83,81,62.0,80.0,77.0,40.0,64.0,45.0,57.0,75.0,65.0,83,82,63,3,21,26,-1,-4,0.0,13.0,6.0,47.0,16.0,26.0,1.0,21.0,12.0,15.0,19.0,"Moorgate Rd, Rotherham S60 2UD, UK","(53.4142658, -1.3425348, 0.0)"
122,RDZ,The Royal Bournemouth and Christchurch Hospitals NHS Foundation Trust,71,40,45,80,75,65,70.0,63.0,55,35,14,46,46,50,21,49,Royal Bournemouth and Christchurch Hospitals NHS Foundation Trust,85,88,70.0,75,54,51.0,44.0,46.0,18.0,36.0,40.0,50.0,89.0,50.0,66,74,47,3,7,21,5,13,5.0,5.0,-9.0,-5.0,1.0,4.0,-2.0,5.0,-10.0,29.0,-3.0,"Castle Ln E, Bournemouth BH7 7DW, UK","(50.7480068, -1.822257, 0.0)"
123,RPY,The Royal Marsden NHS Foundation Trust,85,37,32,85,100,65,90.0,83.0,45,3,31,44,35,50,29,59,Royal Marsden NHS Foundation Trust,90,91,65.0,96,94,41.0,44.0,49.0,34.0,7.0,45.0,43.0,81.0,29.0,45,87,41,2,4,13,5,-9,0.0,6.0,11.0,-2.0,4.0,3.0,0.0,6.0,-5.0,0.0,-10.0,"Supplies Department Fulham Road, Chelsea, London SW3 6JJ, UK","(51.4908714, -0.1727977, 0.0)"
124,RRJ,The Royal Orthopaedic Hospital NHS Foundation Trust,66,18,52,75,80,65,45.0,63.0,15,8,3,33,8,0,42,32,Royal Orthopaedic Hospital NHS Foundation Trust,75,72,65.0,46,63,8.0,30.0,37.0,3.0,13.0,15.0,45.0,63.0,50.0,67,64,29,-2,11,15,0,-8,0.0,1.0,0.0,30.0,5.0,0.0,-3.0,0.0,15.0,8.0,5.0,"The Woodlands, Bristol Rd S, Northfield, Birmingham B31 2AP, UK","(52.4206669, -1.9610708, 0.0)"
125,RL4,The Royal Wolverhampton NHS Trust,95,64,80,100,95,90,100.0,92.0,80,78,20,86,86,25,50,89,Royal Wolverhampton NHS Trust,100,97,90.0,100,97,86.0,93.0,93.0,38.0,77.0,15.0,79.0,94.0,75.0,92,97,72,2,8,12,0,2,0.0,0.0,5.0,-1.0,-1.0,18.0,7.0,0.0,-10.0,25.0,4.0,"12, Corporate Services Centre, New Cross Hospital, Wolverhampton WV10 0QP, UK","(52.5982537, -2.0948152, 0.0)"
126,RET,The Walton Centre NHS Foundation Trust,98,58,82,100,100,90,100.0,100.0,65,60,54,63,62,50,50,57,Walton Centre NHS Foundation Trust,100,97,100.0,100,98,62.0,74.0,49.0,51.0,61.0,80.0,70.0,73.0,58.0,80,99,64,1,6,-2,0,-3,10.0,0.0,-2.0,5.0,1.0,-3.0,11.0,0.0,30.0,8.0,-8.0,"Lower Ln, Liverpool L9 7LJ, UK","(53.46643520000001, -2.9308819, 0.0)"
127,RKE,The Whittington Hospital NHS Trust,52,47,64,63,45,35,55.0,63.0,35,43,69,80,33,25,23,64,Whittington Health NHS Trust,100,91,80.0,75,92,59.0,86.0,76.0,72.0,48.0,15.0,64.0,78.0,27.0,79,88,58,36,11,15,37,46,45.0,20.0,29.0,29.0,5.0,3.0,6.0,26.0,-10.0,4.0,12.0,,
128,R1G,Torbay and Southern Devon Health and Care NHS Trust,84,34,82,90,70,80,85.0,96.0,45,25,38,66,26,25,17,33,Torbay and South Devon NHS Foundation Trust,90,94,75.0,96,92,55.0,73.0,29.0,70.0,41.0,65.0,43.0,70.0,50.0,91,89,55,5,21,9,0,24,-5.0,11.0,-4.0,-2.0,16.0,32.0,7.0,29.0,40.0,33.0,-4.0,"Bay House/Nicholson Rd, Torquay TQ2 7TD, UK","(50.4877399, -3.552757, 0.0)"
129,RWD,United Lincolnshire Hospitals NHS Trust,75,40,52,85,70,70,75.0,75.0,35,42,9,61,22,25,63,60,United Lincolnshire Hospitals NHS Trust,80,78,85.0,75,77,36.0,61.0,62.0,8.0,36.0,15.0,50.0,66.0,50.0,67,79,43,4,3,15,-5,8,15.0,0.0,2.0,15.0,-6.0,-1.0,0.0,14.0,-10.0,-13.0,2.0,"United Lincolnshire Hospitals NHS Trust, 101 Manthorpe Rd, Grantham NG31 8DG, UK","(52.9210011, -0.6406482, 0.0)"
130,RRV,University College London Hospitals NHS Foundation Trust,80,30,70,85,90,80,80.0,67.0,25,17,51,53,24,17,20,34,University College London Hospitals NHS Foundation Trust,80,78,70.0,79,74,31.0,69.0,41.0,67.0,14.0,10.0,25.0,45.0,18.0,66,76,36,-4,6,-4,-5,-12,-10.0,-1.0,7.0,0.0,-3.0,16.0,16.0,7.0,-7.0,-2.0,7.0,"Euston Rd, Kings Cross, London WC1H 8ND, UK","(51.5297361, -0.1247568, 0.0)"
131,RJE,University Hospital Of North Staffordshire NHS Trust,82,54,89,88,85,80,75.0,83.0,65,40,13,95,55,42,50,73,University Hospitals of North Midlands NHS Trust,100,100,90.0,96,89,44.0,87.0,70.0,17.0,48.0,38.0,47.0,77.0,54.0,85,95,54,13,0,-4,12,15,10.0,21.0,6.0,-18.0,8.0,4.0,-8.0,-11.0,-4.0,4.0,-3.0,"Newcastle Rd, Stoke-on-Trent ST4 6QG, UK","(53.0038144, -2.2129403, 0.0)"
132,RM2,University Hospital Of South Manchester NHS Foundation Trust,62,31,36,70,65,70,60.0,46.0,20,17,14,62,18,17,87,13,University Hospital Of South Manchester NHS Foundation Trust,80,88,60.0,88,67,53.0,93.0,40.0,25.0,55.0,35.0,54.0,58.0,33.0,78,77,50,15,19,42,10,23,-10.0,28.0,21.0,34.0,38.0,11.0,31.0,35.0,18.0,-54.0,27.0,"Southmoor Rd, Roundthorn Industrial Estate, Wythenshawe, Manchester M23 9LT, UK","(53.3890982, -2.2931686, 0.0)"
133,RRK,University Hospitals Birmingham NHS Foundation Trust,95,75,98,100,100,100,100.0,75.0,65,95,99,77,69,50,58,89,University Hospitals Birmingham NHS Foundation Trust,100,100,100.0,100,88,72.0,83.0,86.0,99.0,91.0,80.0,70.0,93.0,58.0,97,98,81,3,6,-1,0,0,0.0,0.0,13.0,5.0,-4.0,0.0,6.0,3.0,30.0,0.0,-3.0,"Priestley Wharf, Holt St, Birmingham B7 4BN, UK","(52.487897, -1.8863477, 0.0)"
134,RA7,University Hospitals Bristol NHS Foundation Trust,87,50,55,90,100,90,85.0,71.0,50,45,15,78,55,42,46,69,University Hospitals Bristol NHS Foundation Trust,100,97,95.0,92,70,65.0,85.0,79.0,25.0,48.0,35.0,60.0,70.0,58.0,77,91,58,4,8,22,10,-3,5.0,7.0,-1.0,10.0,3.0,10.0,7.0,10.0,-7.0,12.0,10.0,"Trust Headquarters, Marlborough St, Bristol BS1 3NU, UK","(51.4600795, -2.5953723, 0.0)"
135,RKB,University Hospitals Coventry and Warwickshire NHS,85,44,82,95,100,75,70.0,83.0,35,47,29,69,49,25,40,56,University Hospitals Coventry and Warwickshire NHS Trust,95,97,85.0,79,82,43.0,75.0,61.0,29.0,55.0,40.0,55.0,80.0,46.0,83,88,54,3,10,1,0,-3,10.0,9.0,-1.0,20.0,8.0,0.0,6.0,-6.0,15.0,6.0,5.0,"Clifford Bridge Rd, Coventry CV2 2DX, UK","(52.4211586, -1.4376872, 0.0)"
136,RWE,University Hospitals Of Leicester NHS Trust,90,65,82,80,100,90,90.0,92.0,75,42,74,87,63,17,83,78,University Hospitals Of Leicester NHS Trust,80,100,100.0,92,98,65.0,89.0,85.0,77.0,45.0,10.0,71.0,82.0,83.0,82,94,67,4,2,0,0,0,10.0,2.0,6.0,-4.0,3.0,3.0,2.0,2.0,-7.0,0.0,7.0,"Infirmary Square, Leicester LE1 5WW, UK","(52.62555589999999, -1.1355658, 0.0)"
137,RTX,University Hospitals Of Morecambe Bay NHS Trust,72,40,68,65,75,55,75.0,88.0,45,25,26,58,45,33,54,33,University Hospitals of Morecambe Bay NHS Foundation Trust,100,97,95.0,96,93,68.0,77.0,80.0,35.0,61.0,55.0,65.0,73.0,58.0,95,96,64,24,24,27,35,22,40.0,21.0,5.0,20.0,36.0,9.0,19.0,23.0,22.0,4.0,47.0,"Burton Rd, Kendal LA9 7RG, UK","(54.30691419999999, -2.7346238, 0.0)"
138,RHM,University Hospitals Southampton NHS Foundation Trust,63,58,68,75,85,55,60.0,38.0,50,36,72,83,54,58,33,79,University Hospital Southampton NHS Foundation Trust,100,100,94.0,88,70,85.0,92.0,85.0,72.0,55.0,65.0,70.0,80.0,58.0,82,90,74,27,16,14,25,15,39.0,28.0,32.0,20.0,19.0,0.0,9.0,31.0,7.0,25.0,6.0,"Southampton General Hospital, Tremona Rd, Southampton SO16 6YD, UK","(50.93365619999999, -1.4346812, 0.0)"
139,RBK,Walsall Healthcare NHS Trust,69,54,68,69,55,75,75.0,71.0,45,65,13,87,66,50,23,86,Walsall Healthcare NHS Trust,81,78,80.0,83,71,68.0,92.0,80.0,30.0,70.0,50.0,46.0,75.0,62.0,77,79,64,10,10,9,12,23,5.0,8.0,0.0,1.0,5.0,17.0,5.0,2.0,0.0,39.0,-6.0,"Moat Rd, Walsall WS2 9PS, UK","(52.5829306, -1.9986992, 0.0)"
140,RWW,Warrington and Halton Hospitals NHS Foundation Trust,90,43,91,100,100,90,95.0,67.0,60,11,17,96,40,0,67,51,Warrington and Halton Hospitals NHS Foundation Trust,100,100,100.0,100,94,60.0,100.0,88.0,33.0,61.0,15.0,60.0,91.0,50.0,100,99,62,9,19,9,0,0,10.0,5.0,27.0,0.0,50.0,16.0,4.0,20.0,15.0,-17.0,37.0,"Lovely Ln, Warrington WA5 1QG, UK","(53.3940422, -2.6108215, 0.0)"
141,RWG,West Hertfordshire Hospitals NHS Trust,58,23,43,38,70,65,50.0,67.0,15,6,8,48,16,8,30,49,West Hertfordshire Hospitals NHS Trust,56,66,75.0,54,70,16.0,54.0,54.0,8.0,8.0,25.0,25.0,56.0,30.0,54,64,31,6,8,11,18,-4,10.0,4.0,3.0,10.0,2.0,0.0,6.0,0.0,17.0,0.0,5.0,"Vicarage Rd, Watford WD18 0HB, UK","(51.64853799999999, -0.4036239, 0.0)"
142,RGR,West Suffolk NHS Foundation Trust,84,31,59,80,90,85,85.0,79.0,30,22,16,52,21,25,42,41,West Suffolk NHS Foundation Trust,90,97,95.0,88,80,47.0,88.0,61.0,71.0,50.0,20.0,50.0,27.0,48.0,73,90,51,6,20,14,10,7,10.0,3.0,1.0,20.0,28.0,55.0,36.0,26.0,-5.0,6.0,20.0,"Hardwick Ln, Bury St Edmunds, Bury Saint Edmunds IP33 2QZ, UK","(52.2316146, 0.709248, 0.0)"
143,RYR,Western Sussex Hospitals NHS Trust,89,67,93,75,80,95,95.0,100.0,45,75,89,64,50,42,100,67,Western Sussex Hospitals NHS Foundation Trust,100,88,90.0,96,80,62.0,65.0,77.0,89.0,70.0,40.0,50.0,91.0,96.0,89,91,71,2,4,-4,25,8,-5.0,1.0,-20.0,5.0,-5.0,0.0,1.0,12.0,-2.0,-4.0,10.0,"Spitalfield La, Chichester PO19 6SE, UK","(50.8435533, -0.7680076, 0.0)"
144,RA3,Weston Area Health NHS Trust,55,30,43,75,50,30,45.0,75.0,25,0,21,51,25,33,33,50,Weston Area Health NHS Trust,69,72,30.0,58,75,36.0,74.0,57.0,25.0,0.0,20.0,25.0,52.0,33.0,63,61,36,6,6,20,-6,22,0.0,13.0,0.0,0.0,0.0,4.0,23.0,11.0,-13.0,0.0,7.0,"Grange Rd, Uphill, Weston-super-Mare BS23 4TQ, UK","(51.32237, -2.9725926, 0.0)"
145,RBL,Wirral University Teaching Hospital NHS Foundation Trust,87,79,89,95,95,85,80.0,79.0,80,95,57,96,74,50,88,93,Wirral University Teaching Hospital NHS Foundation Trust,100,100,100.0,92,96,87.0,100.0,97.0,82.0,95.0,60.0,85.0,95.0,92.0,98,98,88,11,9,9,5,5,15.0,12.0,17.0,5.0,0.0,25.0,4.0,13.0,10.0,4.0,4.0,"Arrowe Park Hospital, Arrowe Park Rd, Birkenhead, Wirral CH49 5PE, UK","(53.3690502, -3.0955279, 0.0)"
146,RWP,Worcestershire Acute Hospitals NHS Trust,79,46,64,75,69,80,90.0,83.0,50,50,35,76,38,17,60,42,Worcestershire Acute Hospitals NHS Trust,95,86,100.0,100,94,35.0,74.0,58.0,14.0,32.0,35.0,50.0,61.0,71.0,58,95,48,16,2,-6,20,17,20.0,10.0,11.0,0.0,-18.0,-21.0,-2.0,-3.0,18.0,11.0,16.0,"Charles Hastings Way, Worcester WR5 1DD, UK","(52.1912499, -2.1811171, 0.0)"
147,RRF,"Wrightington, Wigan and Leigh NHS Foundation Trust",69,29,73,75,80,70,70.0,50.0,25,6,6,55,32,42,29,39,"Wrightington, Wigan and Leigh NHS Foundation Trust",80,81,70.0,88,85,65.0,88.0,73.0,67.0,61.0,35.0,55.0,75.0,71.0,97,81,66,12,37,24,5,1,0.0,18.0,35.0,30.0,55.0,61.0,33.0,33.0,-7.0,42.0,34.0,"Hall Ln, Appley Bridge, Wigan WN6 9EP, UK","(53.5905035, -2.7118897, 0.0)"
148,RLQ,Wye Valley NHS Trust,67,27,50,85,90,45,75.0,42.0,30,19,30,37,11,25,38,22,Wye Valley NHS Trust,80,72,55.0,75,60,19.0,46.0,33.0,31.0,34.0,25.0,29.0,83.0,45.0,60,68,38,1,11,10,-5,-18,10.0,0.0,18.0,-1.0,15.0,1.0,9.0,8.0,0.0,7.0,11.0,"Stonebow Rd, Hereford HR1 2ER, UK","(52.0574483, -2.7058348, 0.0)"
149,RA4,Yeovil District Hospital NHS Foundation Trust,75,36,55,100,100,50,65.0,58.0,40,31,16,42,27,50,53,27,Yeovil District Hospital NHS Foundation Trust,100,97,100.0,96,89,53.0,61.0,72.0,20.0,50.0,60.0,65.0,77.0,83.0,86,96,60,21,24,31,0,-3,50.0,31.0,31.0,25.0,19.0,4.0,19.0,26.0,10.0,30.0,45.0,"Higher Kingston, Yeovil BA21 4AT, UK","(50.9447524, -2.6343106, 0.0)"
150,RCB,York Teaching Hospital NHS Foundation Trust,66,64,77,65,85,70,65.0,46.0,65,78,30,80,72,50,46,93,York Teaching Hospital NHS Foundation Trust,85,91,80.0,83,83,74.0,90.0,97.0,31.0,82.0,45.0,61.0,97.0,58.0,85,84,71,18,7,8,20,6,10.0,18.0,37.0,-4.0,4.0,1.0,10.0,2.0,-5.0,12.0,4.0,"Wigginton Rd, Clifton, York YO31 8HE, UK","(53.9699817, -1.083555, 0.0)"
